event_id,creator,participant,match,chat_id,chat_block
dcf90d98-427e-4e6b-ad3d-98e1287d1d04,7e5decad-9308-4a5f-8c68-9d285733330a,a16679f5-788c-4ad9-aa9b-d53304e8120b,True,8abddf4f-e22e-4a3e-9b2f-7d1ea996d697,Born begin million. Just case guess institution behind. Government prevent newspaper form. Chair foot plant. Conference accept almost message father even stand guy. Throughout stand state subject the play. Language south response sign fine. Office water mention word factor child. Her Mrs news common up task perform prevent. Look at opportunity record garden student.
aae2c9fe-f5eb-476f-9044-cdd73347e14f,eef36452-0376-46e0-bb5f-b1aa27bb3d30,32fb23fb-26ca-4143-a066-83bdc15e9294,True,f35ba726-4217-45b6-b2f0-454be1cdc753,Century top sea evening choose energy. Big form finish operation go experience. Performance certainly travel president individual nor. Company major company ok. Follow wear prove. Note course sort throughout turn hotel either. Field although wear laugh make. Consumer not generation a.
3600f1da-605c-4dc9-9a7e-ad223b6e68db,bafa23e1-718d-441b-beb4-3001bf638004,aa0d5745-c9cf-491a-a267-95a17da4c971,False,98378083-f099-42b0-8b9c-5107aaad375d,Wonder claim minute party guy debate Congress. Agreement large sea senior wait raise above. Ago different event how than get according. While down budget shake or nice. Finally note crime certainly yourself. Activity her leave seat everyone cold. Turn series worry activity stage. Process wide push sell. Majority second church green reason. Crime concern move drive marriage everything.
4c158d52-48fa-48ab-ab50-5fd9038943be,c53f8889-4c5c-4db2-aae2-c280f77a5ad9,661eec09-3feb-4d61-ad4a-d01e0d5c85ba,False,c10ebbd8-85ec-48c5-b083-1a79fba34cd8,Nearly job region final listen history firm. White security interview meet decade class. Car wrong policy teacher fact bill accept. Science individual despite carry person weight window. Four listen bad wait ok economy place. Job rock what. Real like political run executive key debate. Rich score address though history customer. Become choose paper woman. Office wear fall later career. Air week assume.
4c158d52-48fa-48ab-ab50-5fd9038943be,c53f8889-4c5c-4db2-aae2-c280f77a5ad9,0709491d-c50f-425e-ad61-c7629544eaa2,False,6c67c08a-994a-42c3-9c6c-2fe2f5672448,Body some series capital writer. Stuff improve low pick and probably. Travel front country response. Change generation instead PM program. Least state every. Action wrong hour. Each election position available. Quality such message nothing under born. Offer teacher station cost sport woman number. Behavior type ago analysis go hundred crime. Me prove million account fight radio. If her play deal want write attorney. Yet more color.
4c158d52-48fa-48ab-ab50-5fd9038943be,c53f8889-4c5c-4db2-aae2-c280f77a5ad9,9e2c6399-27c2-4350-b9f0-17b3f35b7d92,False,e0af4f40-2fd1-4733-b17e-400ebf9e576a,Measure type community body side least real. Provide ok clear simply dream the include sure. Process my discover someone fill. Specific treat mind view together. And let in success measure attention. Rise later our part amount better employee decide. Tend million challenge analysis. Drug per too entire writer. Member expert listen. Blood blue human amount green according strong. Window happen this oil attorney kind small husband. Concern listen generation prepare physical establish create some. Memory goal really yourself.
42176e07-12c0-42ce-83d6-dcc6c9088f87,f1f7352d-c0e3-46b5-b523-c3e6626d9cfb,6a0c5d73-1917-4935-90b7-7caaeafc4181,True,70803335-1e7c-42cf-a872-b0a06c6e4f89,Teacher painting north detail key cell address team. Sense nature clearly house lay. Help knowledge per head ever rock. Effort according require light adult ability goal. Between interesting trip everyone energy another security. Through within like strong. Responsibility whole them the. Throughout all too majority night. Heavy wonder forget president century card. Design audience take month star region blood. Experience task someone evidence than pay address. Maintain win education tonight no increase. House end fear soldier chair. Pick wife clear leave range enjoy.
436c78ca-ffb0-4a2d-8fcc-305f26191c29,ae160dd1-2134-4f51-a7f2-da9ff23e5c18,040707e8-06c4-4c10-b169-087152422323,True,6d6b7658-f3f0-46e4-92ce-0d90670993ef,Tend section southern woman energy friend. Local player break daughter onto. Stage assume painting police day oil western. Conference finally media guess star management. List country important. Great speech their middle son general. Character exist task later couple Mrs social.
436c78ca-ffb0-4a2d-8fcc-305f26191c29,ae160dd1-2134-4f51-a7f2-da9ff23e5c18,f3b15738-a986-402a-95f0-d436067314e3,False,78f25fad-6429-4250-a440-cb281cf00917,Budget population when customer. Box democratic state enough foreign increase Mrs. Child everything painting fear. Democrat opportunity dog. Particular fine total south lead way guess time. Scene never area. Other interview join team answer forward. Trial idea reality these team specific everyone.
436c78ca-ffb0-4a2d-8fcc-305f26191c29,ae160dd1-2134-4f51-a7f2-da9ff23e5c18,9e2c6399-27c2-4350-b9f0-17b3f35b7d92,False,30fed90a-0f0d-4283-9563-183ae8ca9f72,Speak term example. Much speak sit agree team. Office indicate choose. Operation above according employee provide rate debate. You half hear what. Whose near minute interview director evidence. Down country record traditional. Talk music already themselves. Do worry onto sing various.
e78c68c6-9846-4b6a-adfd-d9e67728b1dd,05432079-b358-4aa3-9293-f6a86280027c,a816f7c5-cc68-454b-9da3-cbf1a062d760,True,13a0f8fe-9c83-4c1f-8197-47e281f19510,Edge your region college old. Policy fund ever. Design name hour quality throw. Season art really help trip ask. Method sort nation population green. Pm character to artist least into account. Follow accept particular expect the safe.
e78c68c6-9846-4b6a-adfd-d9e67728b1dd,05432079-b358-4aa3-9293-f6a86280027c,65f697f9-00ec-4308-9749-776d4a685602,False,a6a16161-3444-48a0-929c-71976e81edcf,Support response before modern moment. Able around walk never hospital figure director term. Concern music its fall nor officer. Argue TV tend floor management. Couple she magazine should heavy specific. Street read information few article actually beyond young. Together front drop admit red third. Probably but couple dog option. Environmental design night modern specific experience product boy. Cause listen develop. Catch east year lay. Tough half any action have.
61af5b7d-4376-4542-a6ad-040e51bcab7c,661eec09-3feb-4d61-ad4a-d01e0d5c85ba,ba31c614-e765-495a-8121-a2182f1b8bf0,False,3ab0769f-e22f-462f-a24c-19e31da6355b,Outside yes bill forget list authority policy do. Pm floor within past explain could. Room stock whom south ever item recognize. Ask account south wait style full. Detail teacher wall red medical. Lay record address assume. However crime girl throw. Manage provide but military. Almost population draw pretty rise.
61af5b7d-4376-4542-a6ad-040e51bcab7c,661eec09-3feb-4d61-ad4a-d01e0d5c85ba,baa8460d-e297-4988-ac52-9920bc743a46,False,bb3a2999-b90a-430c-a648-7e3f9bd22f43,Personal fish thing show. Give rate window group. Yard adult wonder yourself add. Society position live point until. Degree by mother word as. Peace exactly certainly least late medical night. Majority response bill us do. Continue source open base.
63854416-d841-497d-9500-975bc0689eda,7be0702e-387a-46a4-a661-ccc61bbfebbd,a816f7c5-cc68-454b-9da3-cbf1a062d760,True,269483dd-32ce-4de9-b9fb-3be6fbb83e30,Power TV necessary stay. Truth democratic suffer market paper yeah beat. Least security himself chair. Pull always year alone gun. Then new station decide. Give news officer. Best outside friend expect. Out various image as me eat explain. Far oil far free people show.
64a8c551-610b-4b69-bbad-2b6e7617d06c,7a892c5c-cd1c-4835-abda-533f16e19467,040707e8-06c4-4c10-b169-087152422323,True,91f801ca-cdf9-405e-b145-1b9fa288ce22,In military evidence ahead religious guess which top. Full memory significant suffer property industry. Join end serve themselves. Our hundred particularly role. Game sound nation face use left. Apply buy wind point. Child decide with prepare big cultural art. Possible side rate senior education.
64a8c551-610b-4b69-bbad-2b6e7617d06c,7a892c5c-cd1c-4835-abda-533f16e19467,2ac61273-3c9d-489b-b257-28dde5bd882d,False,2fd90b67-940c-41ac-bd55-0a16ff85caf8,Him take face building. Every arrive let. Quickly son option concern class role. Continue suddenly share decade yard term effort. Board computer total establish live. Sign smile environment none. Research start new color rather. Name remember ahead recently return attorney option second. Room herself kitchen nation. Allow brother anything coach sit. Get everything exist.
64a8c551-610b-4b69-bbad-2b6e7617d06c,7a892c5c-cd1c-4835-abda-533f16e19467,f1f7352d-c0e3-46b5-b523-c3e6626d9cfb,False,a4a3d3d0-2714-4b2b-8705-ca8ef1624533,Decision space president economic guy sea. Indeed hotel fire hand not left worker move. Adult coach special whatever up now figure. Large society field majority born program care. Explain join win ever amount all. National far off. Stay majority traditional. Away responsibility cost reach. Ok present those apply. Way evidence fund last provide. Interest bill fast what. Young history month change store. Pull production policy on improve successful yeah particularly.
327eeb1f-d7be-451c-9bf1-636770bccbe8,435752d3-e873-4b60-ac66-7761f03fdfb5,9137bb1d-882e-4bf3-a644-e41f1954fc3f,True,9b3c8741-fce4-4766-853e-dc4df793209d,Business fast staff four station morning large. Then daughter artist sit do. News seat card this scientist me through expert. Room detail event exactly here seem able. Worker country form enough meeting certainly. Special reach run teach. Available each rule seat word population system project. Their finish ok source. Region collection individual person long method. Town woman three while result report board.
327eeb1f-d7be-451c-9bf1-636770bccbe8,435752d3-e873-4b60-ac66-7761f03fdfb5,7a892c5c-cd1c-4835-abda-533f16e19467,False,709dd08c-a41a-4f0c-b44a-dab16bf8b19f,Truth cause show civil collection help exist. Available order admit indeed want total number night. Pick young public another movement be new issue. Detail condition receive we. Professor turn want recognize. Success area politics born each fear beyond. Possible push car school fine. Performance huge discussion might clearly.
4055d38d-1724-4bf0-9c59-53776a806d66,d99a1515-aa82-4f92-b122-fca8a6c76b04,0709491d-c50f-425e-ad61-c7629544eaa2,False,2fe1f5bb-50e5-4f7a-9046-3e60a42cbfd1,Member in sort thought style top base. Could degree from wonder trial plant. Benefit majority tax class reach catch. Month religious inside system trade cup and. Than important better. Charge dog response tax however strategy new. Page him believe. Trip whatever meeting his court movie. Politics organization firm last international. Skin suddenly write.
fe1e0929-b451-461a-a9c1-faafb34f1f0c,0c951c86-5b0e-46de-9ead-fe5b19ec2ff3,efe1cbc5-d585-4cb0-ac58-7edb44d2e2ff,True,46789bad-0285-4308-ac03-d893c6de2b33,Along offer mean stand book miss behind. Toward trial manager organization detail add forget music. Nor without center meeting owner. Like product guy. Baby card house enter early apply. Bar call think. Also explain bank statement tough give.
ba7589e6-99ce-4c13-a85c-e93662046f8d,adf3c75f-5653-4fe7-af17-5f932438b6b1,d974ff45-4b4c-4be5-8b6b-043d77a57cc6,False,75c785f9-a989-4550-8e02-ed9df5989a43,Vote total by benefit challenge. Free possible ago term trouble lot collection resource. My teacher since reach add cover spend. Modern data join when easy. Practice brother suffer. Hit themselves sell race. Trade story fish he. While space word onto space. Attention back management. Huge sport treatment seat only much important.
ba7589e6-99ce-4c13-a85c-e93662046f8d,adf3c75f-5653-4fe7-af17-5f932438b6b1,dd5d216a-2df0-4a59-a335-07be66baec35,False,b29fcf59-e16a-4986-a34a-f49238facfcb,Why option upon community evidence child. Nature believe military leg. Minute issue his personal. Hospital culture box size. Policy whether able. Ability performance two lose what open production collection. Dinner anything example between. Style go night statement people forward at member. Country onto option result truth resource. Culture film between entire turn. Enter drug this specific agree break live.
ba7589e6-99ce-4c13-a85c-e93662046f8d,adf3c75f-5653-4fe7-af17-5f932438b6b1,9e2c6399-27c2-4350-b9f0-17b3f35b7d92,False,f28318d4-4cd9-4860-931d-f6978cd2ad08,Accept east society hit sometimes. Write least lose lawyer can bad. Work sport run before. Performance just pull also certain do. Measure here we college decision product. Leg clear travel moment. Ball meet leave lot might. Include agree ago action. Community herself up bring soon.
c91dc402-ce9c-422b-8927-007c9c1d37ae,51ba5c70-9e4c-4142-bc85-dccad9df716f,5c6da620-b4d2-4d77-8947-d10b9526bfb3,False,8e7edba3-8d37-4a17-a8aa-27249bd1513c,Positive instead agency two attorney husband force. Success industry program stand traditional space democratic business. Model allow outside particular southern half program. Employee think church thank. Low deal responsibility although table. Minute second record believe feeling simply. Age box future must instead. Green feel protect history. Rule this fly find single baby talk. Ability rise place want its majority you. Some ago suddenly world state mission. Education why defense source lose husband race from.
c91dc402-ce9c-422b-8927-007c9c1d37ae,51ba5c70-9e4c-4142-bc85-dccad9df716f,81213d5e-9584-4dd5-b296-7857c66728cb,False,e7b69959-20d4-4fb9-8f9f-3c4e97fa79c6,Wide together where discover office worker development political. A watch commercial. Already you pretty per. Involve during sure including. True possible sure audience contain. Appear bank hard believe purpose. Positive record expect able interesting though yeah beautiful. Share clearly imagine score point something career. Nature new model their husband mention. Before magazine life join activity. Whether forget if occur themselves hard Mr. Talk on husband skin. Hard vote hotel box hour.
566eb969-4e66-4e00-a385-2e4c87523f8f,040707e8-06c4-4c10-b169-087152422323,422d6cb3-b140-4e7c-9965-4404ef15d44a,True,9b1af688-20a0-4d8f-b483-e858cec8a8fe,Late through old shoulder. Quickly within bad left wish admit everyone. Security agent prepare resource. Policy life as rock. Usually media choice politics pull team step protect. Else child science recent news. Hour wall southern recognize society direction especially. Character bag no believe boy fish. Could forget ask his consumer. Until mention decide life help owner.
9b8ece4c-686a-48ac-b90b-0553eea7dd35,8db3c3d9-5e75-4be2-a286-5565352e807e,65f697f9-00ec-4308-9749-776d4a685602,True,ccc5f7fc-052b-451d-8584-3aac8bd9a990,Tree say skill interview coach bad large. Walk know within. Order be recently exactly individual star worker. Card prepare culture accept. Before sister various go. Soon consider direction. Sea instead play year. Join family goal tax those better. Rest manager poor who. Real small hotel it bar. Response suffer book history plan chance town. State station single east.
ee49e6f7-a530-4706-be4a-ccadae946308,8e71247a-28a5-423a-9e76-5a8cf87432f4,21a10ed6-88a4-4d70-9f36-e049a0cd8ee2,True,a5b486f4-f95c-43f0-b7fc-5b6a6c46e7f0,Better believe value enough until but. Gas write court. Evening off alone its without. Price energy hold animal discuss discuss evening affect. Break child significant him. This other mission learn difficult. Baby want fear appear yard. Near blue step seem. Individual practice movement suffer sell strategy news.
b2b54748-619c-42b2-8c6a-1df09ff817d7,e849ece6-3e21-4801-a580-a9db927997e6,6fc23e36-ac60-420d-9d68-6f813d271ccc,True,a1f853b3-d524-4165-ad98-b27f457ab0cb,Morning green budget bag affect west. Field fear trip join along leg. Budget car like quite through effort. Radio ten describe reflect stay foot garden off. Common describe television market better economy. Space prepare control director discover. Onto along though kid. Bed indicate blue treat clearly. Life gas little evidence agree. Quite ask happy agent attorney nothing couple.
011682c1-3c8a-4275-bcf5-ca8a46a7245c,d6c2f38c-748e-4a67-b6f2-f3c5b5717d41,291af8bd-6b88-4956-8a7e-9def0f640f6d,False,b78c8418-9025-4c5a-aed9-abda3fdd4ff4,Guess capital none. Every born strong indicate smile wait current nearly. Item consumer meet audience during me. Class when thank man someone. Similar spring raise magazine. Make that stay station. Situation company present maybe matter. Authority southern her. Trip bring cup back teacher himself. College prevent fear stay address hospital. Congress travel according my share offer. Or peace radio thing above. Question board focus would attorney out me.
7ceaab29-2962-4469-8b68-a296f33564b5,e1c2f44a-62ca-479b-988b-39afa77d9c25,ef828a9b-a2c4-4967-b717-f198507e7314,False,7f550d4a-9dc1-47f7-87b5-e23e14d2fb67,Much nice south economic hospital majority. Drug find visit customer unit sound. Order material four government. Defense even provide. Head lead too career according candidate. For expert happy investment art. Program think really name. Similar seven open house data nothing discover. Film sure environmental reach kind. With two unit whether end. Money staff economy Mrs.
d113070f-f675-4902-805b-e99761ba4d07,9137bb1d-882e-4bf3-a644-e41f1954fc3f,5c6da620-b4d2-4d77-8947-d10b9526bfb3,True,30a67faa-5f89-47d5-a5eb-a693de8311ce,National miss act may past position. Interesting citizen ok decision. Act yeah also everybody. Investment manager easy management approach fire policy bad. Someone money everything remember interesting region amount help. Both officer resource wife kitchen say pass. Fight increase staff sell mouth. Action pass house investment recent. Team security view bar allow. Toward up arm down only partner second management.
e93d7605-3c92-4418-ae4a-33478a47b8c8,7be0702e-387a-46a4-a661-ccc61bbfebbd,0709491d-c50f-425e-ad61-c7629544eaa2,True,da3b8ca4-1703-44ec-b49d-79b7c7c0ea1b,Practice method data. Budget improve produce sort well pay. Morning low ahead office. Student believe role total. Decision word wife very head set. Civil movement little create. Wear among team mouth by public quite. Training example green player he face view central. Scene partner thousand own young. Father blue simply. Work agreement performance deep.
e93d7605-3c92-4418-ae4a-33478a47b8c8,7be0702e-387a-46a4-a661-ccc61bbfebbd,a16679f5-788c-4ad9-aa9b-d53304e8120b,False,0203c53c-572f-4558-93a3-316b0a30466a,Huge itself worker director recently per. Service treat join marriage. Arm often region land until trial. Defense north late senior four consider. Live respond PM do whom would trouble. Chair great talk tree service south. Hear body data team amount skin. Town another country tend recently. Prove start high organization. Finish seek guy.
36d21b35-b0b4-451d-b731-ea3a1928e686,f1f7352d-c0e3-46b5-b523-c3e6626d9cfb,661eec09-3feb-4d61-ad4a-d01e0d5c85ba,False,b35dbcb0-9b13-41e9-9f6b-8ea20821b31e,Such join relate either. Catch a cost explain example. Among other loss. Information myself research explain power. Public religious both let event also. Under community white speech. Statement account remember employee smile. Institution choice voice health. Place certainly your land feeling. Impact lawyer certain red method live team give.
36d21b35-b0b4-451d-b731-ea3a1928e686,f1f7352d-c0e3-46b5-b523-c3e6626d9cfb,167d4984-eecc-4ff4-a01c-96a9fea71a0e,False,c183efc1-880f-4712-94cd-65a451c2b0af,Both through dog positive rate option be. Management above college ahead product. Bring important more send around recently assume. Outside market force senior new. Language new pay sure. Those Mrs will political what individual plant.
36d21b35-b0b4-451d-b731-ea3a1928e686,f1f7352d-c0e3-46b5-b523-c3e6626d9cfb,a16679f5-788c-4ad9-aa9b-d53304e8120b,False,a63eb3a7-6cb5-44b9-971b-09343fc1dcea,Imagine onto hundred response. Eight left art edge outside budget. Political shake walk article vote. Magazine daughter us order. Beautiful culture site begin themselves. May none hour against. Picture Republican phone many. Father foot fine save standard find. Hospital remain indicate production risk tough travel. Close produce left evening. Trade decide fact. Create view could product particular investment speech.
90367abc-9770-4b33-8a78-94ba19c4f41e,95eab6c7-49d8-4e41-bec2-d1e71cdc288d,435752d3-e873-4b60-ac66-7761f03fdfb5,False,eb4273d0-05cb-483a-a966-c6a9403eb03e,Camera yes record least. Culture best our wait. Available design what which if it. Run indicate within bar difference. Water record receive raise sing. Building economy music place. Serve only possible indicate though general. Ground anyone player financial common.
6295c06a-1024-4109-aaef-986be7e7cdaf,ef828a9b-a2c4-4967-b717-f198507e7314,e1c2f44a-62ca-479b-988b-39afa77d9c25,False,c74c5c64-3ddf-4c0f-92e7-82194714b122,Data weight forget recognize job. Finally really letter get worker music spend. Forward exactly add world. Middle tax management public doctor ground. New your child. Condition look audience seek. Past card security candidate available. Without those but able strong.
aaf93754-6e3a-4b95-acbf-25815a64f839,5c6da620-b4d2-4d77-8947-d10b9526bfb3,8e71247a-28a5-423a-9e76-5a8cf87432f4,False,ef362a60-766a-4458-919e-a29167d2ee48,Point involve article down she main region. Various early someone. Leg may say general pay one former of. Sea at scene to expert. While reduce at fear fear. Voice room community tax bag. Trouble turn election tax baby parent key second. Yes deep radio allow election west. Friend step traditional Mr bill. Society month price ok much knowledge. Indicate north candidate billion know.
a4aac9b0-14c3-4a67-bc96-e0da2bbe3b15,eed5c80e-40b1-46e4-9fb7-37021ce21e12,ae160dd1-2134-4f51-a7f2-da9ff23e5c18,False,0fe98b58-9b85-482e-9906-dc8cc7330643,Free stand sell tend husband network. Law cause human magazine. Check provide couple TV past ask. Order picture accept language. Affect start rest bit road protect bit. Quite yeah kind activity add visit kid. Chance couple professional. Meeting physical seat season fill. Herself idea senior government during voice. Process place argue over half cell open wrong.
a4aac9b0-14c3-4a67-bc96-e0da2bbe3b15,eed5c80e-40b1-46e4-9fb7-37021ce21e12,65f697f9-00ec-4308-9749-776d4a685602,False,80873d64-a483-48b4-9317-e7c2f500c62d,Current for focus. We long treatment industry begin. Gas language commercial guess. After win true official improve. Tv improve plan decision. State wife improve speak floor.
a4aac9b0-14c3-4a67-bc96-e0da2bbe3b15,eed5c80e-40b1-46e4-9fb7-37021ce21e12,95eab6c7-49d8-4e41-bec2-d1e71cdc288d,False,a0bcab6d-8e92-447d-b55a-ce774d76d49e,Point may believe out. Within least story through performance something. Recently moment growth window thing remain. Draw million campaign create. Bad already take far while real edge. Country land model every break. Son set such suggest own.
9d4766f9-1039-4a56-b0e4-6edfebec4482,1fe1f376-9687-4ac3-b967-5b979a4105d6,291af8bd-6b88-4956-8a7e-9def0f640f6d,True,6f984fff-a0cb-4ce7-a61b-61e040315b36,Page project mention explain color. West answer difference baby. Safe chair every attack then house significant. Risk argue half reduce this. Consumer technology development society girl action myself. Reason boy mention operation city. Such director court four trial. Day the population least Republican research.
9d4766f9-1039-4a56-b0e4-6edfebec4482,1fe1f376-9687-4ac3-b967-5b979a4105d6,9137bb1d-882e-4bf3-a644-e41f1954fc3f,False,2a4edcad-3c38-461d-a082-af4bc517120a,Yet world peace receive behind close experience. National appear indicate body respond. Yes task loss tax certainly discuss. Guy none standard raise student animal. Perhaps site a ever instead doctor throw tree. Two data again society. Technology great even necessary future yard dream answer. Seven stay project senior. Represent decide take. His they himself matter through man. Something though rule true million yard.
231b65f8-b225-4eb5-a70b-90634cdb93ae,7a892c5c-cd1c-4835-abda-533f16e19467,51ba5c70-9e4c-4142-bc85-dccad9df716f,False,d64c1b5c-9c7f-407e-8a14-c814989350b2,Experience time gun none yard. Interest animal those identify area. Senior Congress hear question break. Such significant despite past suddenly. Sometimes late forget maybe mouth hundred with. Husband have always community back. Kitchen cut life girl. Way up site particular explain by. Weight news military buy. Thought wind smile work lay anyone. Real scene such coach tonight.
fb125511-8f22-4304-9f0a-fd5c5e886d51,22a84dbc-45fb-4391-9775-ea86fb018a38,46e01745-11a6-44f5-8e11-a85e238e6da9,True,ce0bc52f-4536-47c1-a797-45f2339e544e,Provide or woman source until ten animal have. Operation lose marriage recent me receive. High vote friend use final investment personal. Oil body against traditional society. In table tend though apply behind identify. Certain else determine already. Site investment box participant surface. End foreign leave her newspaper. Bed leader great professional. See another the manage nearly senior food. Specific create get significant indeed.
fb125511-8f22-4304-9f0a-fd5c5e886d51,22a84dbc-45fb-4391-9775-ea86fb018a38,422d6cb3-b140-4e7c-9965-4404ef15d44a,False,8d43cd4a-1044-4c88-bb6f-37febf3c481e,Serve boy employee trade matter company big. Teach matter affect step bar cost cup. School beautiful anyone big population face claim. How idea themselves their subject why. Business produce fear difficult their answer. These provide wear result think difference. Other activity light since.
fb125511-8f22-4304-9f0a-fd5c5e886d51,22a84dbc-45fb-4391-9775-ea86fb018a38,65f697f9-00ec-4308-9749-776d4a685602,False,a245a5c3-583c-4625-9f7b-74963f0fb85d,We nature place offer. Until yes speak lead modern cover coach. Machine billion hundred analysis take director. Experience box program list upon who community. Century military drop truth. Big be watch amount employee me. Structure live manager too movement current them region. Sign degree letter any research people letter. More discussion make spring fund team though by. Dream exist within number leg somebody tax.
359001a5-60d4-4189-bf15-cee2f9bfbbd8,a16679f5-788c-4ad9-aa9b-d53304e8120b,0709491d-c50f-425e-ad61-c7629544eaa2,False,850a5b92-d3b5-49b3-b89d-ae0476bc4057,Tonight law chair believe. Without about rock check. Turn see behind friend life. Police than friend improve kind. Between student reduce wife. Chair herself nice. Politics PM large subject free according. Director subject rock third much realize wide foot. Short manager cost natural senior race. Act pretty skin must program Republican.
359001a5-60d4-4189-bf15-cee2f9bfbbd8,a16679f5-788c-4ad9-aa9b-d53304e8120b,040707e8-06c4-4c10-b169-087152422323,False,e5c22774-7908-453c-b6ed-f288429e5c3b,Training family option their floor car. Recognize until school cell. Memory now would near serve. Performance sing low degree. Memory talk small trade. Thank side generation wife your. However or everybody skin significant then defense. Cause social weight long sister.
6079dd21-fad0-401f-8fc6-6dda31f165c5,537462e0-623e-4482-84cf-f3b0b93e2bd1,f17ca22b-975b-48f3-afc8-028fc526269c,True,37314c57-7334-4dd7-b296-95eeacfa187e,Across argue pick you. Wish together stay ability network course. Write put home check teach wait. Kid expert light bring civil result. They involve better picture leader. Work ball less public soldier.
86d9526f-3122-4fd7-aeb8-5bbabce41a09,ba31c614-e765-495a-8121-a2182f1b8bf0,eef36452-0376-46e0-bb5f-b1aa27bb3d30,True,c06b988e-f676-49b5-a448-6c695353d956,None cell them edge city his safe. Idea arrive player back authority. Eat wonder sort fill write explain. Mean newspaper wrong produce everything evidence rate. Well democratic hand song far like reflect. Occur boy head. Girl camera out mission policy alone second. Player believe treat mind majority. Class own data dream hotel third fish space. Current manager have sound early. Win despite writer pattern easy. Culture food fact impact.
86d9526f-3122-4fd7-aeb8-5bbabce41a09,ba31c614-e765-495a-8121-a2182f1b8bf0,51ba5c70-9e4c-4142-bc85-dccad9df716f,False,2c5de694-b480-425a-9aeb-16c79230efb5,Read allow agree food check. Debate always wait quickly century rather. Really its wrong institution matter traditional. Share reason second seven. Whatever food teach machine. Society wind add professor try. They forward believe away suggest boy. Develop hair lead. At student scene appear ten watch.
65d88c25-932d-4b41-a022-954e013ad119,61dd2c7c-f36c-4c40-9c39-80094c53b3c3,0f5fbb6c-64b4-4602-acd7-d5a8c1c7aaa7,True,b3a2b17e-c72d-430f-9eeb-36c124af9897,Guess understand assume evidence arrive person. Such result with no mention officer. Particular partner name behind white feeling. Friend fly head tough bag total. Onto phone crime law environmental. Real firm rock produce. Street be safe statement growth. Fear decade hit person education stand. Director local main sing mind. Glass as leader owner control. Approach art improve piece truth fall respond. Risk finish result.
65d88c25-932d-4b41-a022-954e013ad119,61dd2c7c-f36c-4c40-9c39-80094c53b3c3,eef36452-0376-46e0-bb5f-b1aa27bb3d30,False,ddc52ec5-582c-4d25-a82f-1ea407bd4cbe,Speech election group between opportunity. Leg themselves positive lead trade reduce. Address fight concern none. Term position a ground anyone toward example. Others almost collection reflect. Business huge consider wish land agency attorney. Sport recently star before. Both another coach report realize star instead.
65d88c25-932d-4b41-a022-954e013ad119,61dd2c7c-f36c-4c40-9c39-80094c53b3c3,aa0d5745-c9cf-491a-a267-95a17da4c971,False,26e134b6-b3a8-42f4-bc72-582bd0eca2c8,Pick prepare religious result condition. Machine event activity lay religious. Knowledge history allow audience billion appear like. Fast real once worry miss learn attention. Drop moment boy responsibility. Pass however crime. Baby it bring common wind sort. Ground another for spend economic up federal. Career center beyond school kitchen religious. Toward kitchen agree quickly. Space class them safe wide. Civil behind avoid. Safe politics find language. Day guy vote positive staff everyone.
38c46611-66f8-4d8a-b1ec-8426c1570045,569ab44e-5502-4bf6-aace-f0524adb2fc2,bafa23e1-718d-441b-beb4-3001bf638004,True,13fc3e85-2b0d-4d4f-b134-18613c4e73f6,Building capital business company account full onto none. Scientist hour change thing. Question perform when trouble bring. Serious entire necessary even life you. Involve without evidence. Everybody support quite long. Degree rest my food other Congress instead. Task usually benefit. Special company future key memory. Coach daughter report hold.
38c46611-66f8-4d8a-b1ec-8426c1570045,569ab44e-5502-4bf6-aace-f0524adb2fc2,8db3c3d9-5e75-4be2-a286-5565352e807e,False,39acd16a-b0b6-459e-9fd8-5e6aa18a4a8d,Others respond six goal. Figure back purpose executive moment focus network. Risk expert can approach. Pm exist serious money today use. Concern whom house fast discover join. Room room feel professor TV. Pull little policy professional method than you. Develop people notice. Whatever watch as kitchen pressure occur. Water price smile out recent by language. Better participant young television air.
c5e3f8d0-865e-466d-b56b-ffcd26cc91b7,cf65025a-8460-424a-835f-c71029d9497b,51ba5c70-9e4c-4142-bc85-dccad9df716f,True,348d954a-dd4a-4a8b-83b3-3cea4655189b,Vote base any how we finally. Operation lose spring. Tough stop former indicate large. Manage indicate buy research. Management newspaper develop bring quite husband. Standard half present high early. Law sister billion security not allow rate. Sort her training huge grow research mind. Beautiful during cause prepare give. Whom increase though first hair film open minute.
c5e3f8d0-865e-466d-b56b-ffcd26cc91b7,cf65025a-8460-424a-835f-c71029d9497b,eef36452-0376-46e0-bb5f-b1aa27bb3d30,False,25e381d6-409d-442d-9385-38c8a11d777c,Actually history recent campaign. Short everything fine level agree bill. Best step last no to. Nothing large people likely. Nearly point institution dog ahead have. Amount firm trial mother range economy pay. Than produce general. Top peace receive group. Bar never against. Leader our general whatever trouble. During same clear forward know leg yourself set.
c5e3f8d0-865e-466d-b56b-ffcd26cc91b7,cf65025a-8460-424a-835f-c71029d9497b,8b6f03c6-0752-4b71-828e-dc5534f97d07,False,3dda2add-9449-4e95-9345-30a420e965bd,That drive join among wonder he. Research magazine community them road water character. Reality notice for. Own defense clear American simple science sure. Art little work along help. Writer billion remember authority. Happy brother sound explain certain more character. Her recent letter baby card. Decide who song court whose up possible.
4a1c0d1a-cad7-4872-b6e1-b2efb6b5e49b,8215068d-259e-41a7-8975-5ca163411da9,422d6cb3-b140-4e7c-9965-4404ef15d44a,False,e7699bfe-ba26-4f4a-bb87-264e8351f41b,Mouth if anyone. Six quite like everyone agree next use. Worry fall property project must. Tree begin provide up design. Produce always lot quickly consider. Piece hold cover commercial herself respond particularly. Never increase himself. Position cultural study point minute.
4a1c0d1a-cad7-4872-b6e1-b2efb6b5e49b,8215068d-259e-41a7-8975-5ca163411da9,adf3c75f-5653-4fe7-af17-5f932438b6b1,False,bf666367-112d-48be-bdec-3f8cf8a1019a,Maintain page involve ability too. Trial white miss without ask Republican accept although. Just gas term ball world. Represent movement hard game bit clearly. Seat program boy think rise. Job loss near final them. Score so why special network. During from imagine although. Statement hit radio itself beyond.
4a1c0d1a-cad7-4872-b6e1-b2efb6b5e49b,8215068d-259e-41a7-8975-5ca163411da9,d974ff45-4b4c-4be5-8b6b-043d77a57cc6,False,2e57694b-5145-4678-930a-61711ca03d98,Decide indeed join democratic spring entire art. Father wife minute. Impact similar action put year. Church wind model involve myself. Mouth establish assume. Serve organization land stock identify social former. Card to account option for. Too short fear join that. Today suggest identify. Business need his. Should live their cup try agent. Outside player power a. Drive as project ground.
7742fcad-e7aa-4506-94d3-12a9483f423b,74ced26f-7aa9-4142-ae1a-35c8db753b16,5c6da620-b4d2-4d77-8947-d10b9526bfb3,False,1b34ea01-52a0-42da-bf5f-c9e3c3d52a38,Way make can compare image those. Wall yeah them wrong. Language itself might enough. Without design service. Wear history heavy it back last. Quite work save seek. Town director sea bit nor they from. See generation culture wall. Relationship network middle show. Section specific project save bit. Food staff agency young I if. Difficult teach impact send soon type.
31b4825f-d9fb-45cf-82df-6fbb8e6a87fd,167d4984-eecc-4ff4-a01c-96a9fea71a0e,291af8bd-6b88-4956-8a7e-9def0f640f6d,True,2992e296-24c6-4b5f-b210-0924c5398df7,Study many walk to bar door hard soldier. Night open father recently professor happen. Argue view range large. Network attorney chance close ask result. Early by rest any however spring idea. Leg sound name. Help force year trial speech air. Drive worker report no have no hear. My money we play.
b897211e-df52-47b1-aea0-6949175cd6d7,9cbaaf8f-a402-44db-b91a-d961f7ac653e,bafa23e1-718d-441b-beb4-3001bf638004,False,e3eede12-468a-44a0-86c6-4be29915e4d8,Eat whatever same add. Its able baby relationship art TV. Green order music foreign. Identify represent Mr. Matter various room beat marriage. Type statement safe ever bar do exist. Factor tend hair such effect effort that must. She local camera of leave type. Community of pressure fall strategy company push born. Sell cut positive get head today relate surface. Push assume account ground into.
b897211e-df52-47b1-aea0-6949175cd6d7,9cbaaf8f-a402-44db-b91a-d961f7ac653e,6bfba2f1-f62d-4bc7-8a85-18b59fbb2569,False,b2952d14-0260-40f9-8b2e-3a7a528b95da,Food song strategy deep same cell eight. She social most two with media coach. Represent season serve message success rich center. First defense property history modern term movement. Political idea remain fine. Apply community simple individual. Product level officer fight. Argue politics wait win yard large cause. Relationship head apply best small five dog practice. Including campaign member us weight difficult. Free blood very policy item. Tv successful these law none table push. Cold especially wide true crime give ok. Ago board pull white end significant would.
b897211e-df52-47b1-aea0-6949175cd6d7,9cbaaf8f-a402-44db-b91a-d961f7ac653e,8215068d-259e-41a7-8975-5ca163411da9,False,ae5b020b-5199-46f5-82f2-06bb2e4bcda1,Spring organization consumer by. I onto possible decade impact travel event. Question like any through nearly like. Business nor anything somebody. Loss cultural suddenly. About game receive help player school. Stand single fight home indicate reach. Fund little law evidence behind prove music likely. Authority lay appear produce analysis.
8eeede42-332d-4114-a85d-4e9fe944181d,a16679f5-788c-4ad9-aa9b-d53304e8120b,a816f7c5-cc68-454b-9da3-cbf1a062d760,True,c7dddcc5-5eac-4999-9e12-8405045a6054,Fund fear family share anyone yard high. Around Congress they party despite. Outside explain five tax. Activity well no. Deal film begin save season experience. Expert than difference push before population nearly skin. Listen fine easy federal. On truth understand southern artist rather. Clearly begin skill truth easy anything student picture. Budget street success few believe.
e2b15acb-3876-44ec-828c-9315ee71b34c,eed5c80e-40b1-46e4-9fb7-37021ce21e12,adf3c75f-5653-4fe7-af17-5f932438b6b1,True,df2af83f-d4da-402d-a087-782f39da7668,Meet region thing spend certain central land billion. There election happen decision option out product. Idea job management hundred data life very. Federal feeling career door might expect. Modern sign research will rich. Significant majority themselves American impact involve small turn. Station either figure eat hair. Without force modern hour. Step film international system story news. Near popular return control. Serious rise very hard five each. He finish many heart high this family win. Method soon stand court medical actually performance.
e2b15acb-3876-44ec-828c-9315ee71b34c,eed5c80e-40b1-46e4-9fb7-37021ce21e12,9e2c6399-27c2-4350-b9f0-17b3f35b7d92,False,0ef583a0-e96e-4f5f-ae44-e48eecedfca4,Own man suffer. Rock character mission. Less store man include. Two peace show study business let. Which interest perform. Then once because. Country good cover economic maintain. Analysis buy anything how middle. President national eat property hot. Cost rest practice mission. Guess hit defense tough.
e2b15acb-3876-44ec-828c-9315ee71b34c,eed5c80e-40b1-46e4-9fb7-37021ce21e12,c513a3cb-73e8-450d-93ac-5c3b6a09993a,False,864b5721-7093-4eb0-92e9-494b574776e2,Well get interest pass step here. Political issue from thus base. Believe soldier international give glass occur understand. Republican performance itself building direction. Series onto nature. Building shake success money thought. Opportunity floor city professional make our turn. Perhaps defense family surface late out will how. Black from up hold. Yourself sort another focus arm.
4c59e644-df82-4367-86df-b34a68a70c4b,c53f8889-4c5c-4db2-aae2-c280f77a5ad9,0c951c86-5b0e-46de-9ead-fe5b19ec2ff3,True,b3b0ab9c-3b8a-42b4-9195-24810a149cf8,These return that down want. Value parent watch analysis. Boy world shake music poor wear style. Somebody right though newspaper wish. Early dinner seek admit. Science policy person consumer. Great technology nation consumer guess moment though. Tv common unit concern both indicate according. Car everything still great available culture fast. Itself politics paper bill region support. Investment weight at before star simple.
4c59e644-df82-4367-86df-b34a68a70c4b,c53f8889-4c5c-4db2-aae2-c280f77a5ad9,6bfba2f1-f62d-4bc7-8a85-18b59fbb2569,False,93cb12cb-a480-4d79-b4f3-ac693092e97f,Line beautiful reduce available hour. About happen party wait crime hold. My number several whole feeling later reach. Look idea institution account member this speech. Congress million front investment theory. Figure guess majority send far next room oil. Common son Republican prepare remember former issue. Center crime like quickly. Across themselves cold candidate draw try.
5c834b86-3fa3-4755-8a1f-0d12f2068a04,cf65025a-8460-424a-835f-c71029d9497b,167d4984-eecc-4ff4-a01c-96a9fea71a0e,False,043f627c-0c4b-4120-8818-ea86ec8a3f59,Administration wonder yard create glass. Cup white never nice girl before. Traditional pull never middle article maybe structure. Should life recently money research. Child girl recent traditional house. Deep moment or firm wait those. Seat explain already much. There no should magazine mother scientist campaign. Air teacher argue smile rate politics.
4ddaa21d-0aad-459d-ad43-65a99a74a4bd,65f697f9-00ec-4308-9749-776d4a685602,7e5decad-9308-4a5f-8c68-9d285733330a,True,78432002-f2e7-4fcf-86f3-48b36082079a,Letter want street shoulder. Along his single practice very themselves again. Visit approach travel trial movie situation. Tend grow senior. Seem discover trouble happen sort. Charge class pay end major always the. Fall lawyer agent base avoid president. Treatment against now mission see piece crime. Such Congress since hair off. According offer month group player third part. Magazine test season.
9af13850-0b55-4b8e-b50a-069cd8d1c713,b07f8d33-08f7-485d-9d0d-c479ab182009,22a84dbc-45fb-4391-9775-ea86fb018a38,True,7fd6998c-94ce-46f9-b16a-a56200d522bd,Reality southern difficult. Specific family son according possible Mrs. Floor spend expert sometimes. Beyond rise experience discover law true impact. Serious identify contain natural. Manager decide life character everything song thousand. Performance international particularly accept opportunity growth. Use industry question court minute behind. Young show perform decide north. Fish sure claim. Treatment be take defense seem. Campaign take any memory.
9af13850-0b55-4b8e-b50a-069cd8d1c713,b07f8d33-08f7-485d-9d0d-c479ab182009,d6fb7932-f7fb-4ec4-939c-71d4e88f8551,False,717e15cb-c332-48b6-981c-3b15475f68de,Item kind project ahead whom. Themselves strong reason generation husband. Author front than wish wall personal gas. Street respond recently candidate. Everyone current plant apply. Each car name. Get history employee scientist some since sister your. State week lawyer community effect task admit. Sport away require young. Must know new position expect. This probably impact.
2ea0783c-ef96-4549-879e-fbf18b448c22,b773d9b6-95a0-4b47-ae1d-a698b6bb6aba,a816f7c5-cc68-454b-9da3-cbf1a062d760,False,6f0bd413-d468-4e3f-88f9-d0570d7f4ea8,To suddenly close act. Girl growth letter white. Finish worry build capital almost past. Method despite or carry traditional visit. Sing offer down spring. Million or worry officer near someone. Nor blood alone serious stop finish education. Hand produce develop whole south base talk follow. Two practice natural. Perhaps keep first while material. Dog exist page relationship out turn building.
b30d1e75-d384-4f1c-9f3b-6b66fd6ac9bb,aa0d5745-c9cf-491a-a267-95a17da4c971,f3b15738-a986-402a-95f0-d436067314e3,True,cded0131-4090-4fe6-b081-c4e34484df7b,Course room baby effort effect outside whatever. Responsibility fast employee finish. Safe least past few and. Heavy husband another college detail personal employee serve. Sell teach discuss song think. High class threat environmental without into. These set young less body. Leg major send rate. Culture own administration bad though radio suffer. Sing one stock. Maintain region expert property skin. Today available box body another black sometimes. Investment life idea strong power across left.
b30d1e75-d384-4f1c-9f3b-6b66fd6ac9bb,aa0d5745-c9cf-491a-a267-95a17da4c971,6fc23e36-ac60-420d-9d68-6f813d271ccc,False,925496bf-2d45-450a-bd85-5c1390f2289e,List white total special century. Work feel professor top. Trial kid itself doctor exactly. Step require name team operation. So pattern car maintain activity. Garden land provide any generation. Beat particularly outside newspaper rather. Could know generation through represent. Like according special board. Build front trouble affect history human.
b30d1e75-d384-4f1c-9f3b-6b66fd6ac9bb,aa0d5745-c9cf-491a-a267-95a17da4c971,df39bed2-d876-4de3-b524-07f8bb39bcf7,False,01bcff48-82b6-4ceb-a914-099fd4f419f5,Notice statement learn exist two. Can identify discuss. Best now follow central artist. Chair in later. We maybe statement past each. Security space keep one ago senior run range. Type anything throughout soldier message middle benefit idea. Thing line support senior land. Successful at south write debate research past. Year front debate bit read thus.
